dataset_name	node_count	traffic_ms	rx_bytes	rx_packets	rx_errors	rx_dropped	rx_overrun	rx_mcast	tx_bytes	tx_packets	tx_errors	tx_dropped	tx_carrier	tx_collsns	packets_send	packets_received	rtt_avg_ms	load1	load5	load15
bielefeld-0246	246	303018	2724244110	11110443	0	20054	0	0	48501380	241583	0	512	0	0	246	237	8.550168776371311	0.28	0.62	0.93
cologne-bonn-area-0279	279	303509	2202091321	7898793	0	7645	0	0	74102444	305858	0	124	0	0	279	279	9.931329749103941	0.87	1.92	2.51
leipzig-0210	210	302596	649704909	2448739	0	28	0	0	63741927	258631	0	8	0	0	210	210	8.778628571428571	0.0	1.33	2.78
ulm-0217	217	302626	1156537665	4570028	0	2090	0	0	48220128	224490	0	21	0	0	217	217	7.763917050691246	0.64	1.33	2.52
