dataset_name	node_count	traffic_ms	rx_bytes	rx_packets	rx_errors	rx_dropped	rx_overrun	rx_mcast	tx_bytes	tx_packets	tx_errors	tx_dropped	tx_carrier	tx_collsns	packets_send	packets_received	rtt_avg_ms	load1	load5	load15
bielefeld-0246	246	303061	1188789506	10190479	0	1	0	0	23553346	211297	0	1	0	0	246	246	9.931345528455289	0.14	2.44	3.57
cologne-bonn-area-0279	279	303560	691136577	5643400	0	0	0	0	34095470	305372	0	0	0	0	279	279	9.567301075268809	3.75	4.35	4.76
leipzig-0210	210	302552	194726928	1507020	0	0	0	0	24940288	198795	0	0	0	0	210	210	9.75923333333333	0.2	1.79	3.86
ulm-0217	217	302652	470336930	3933972	0	0	0	0	23886523	205415	0	0	0	0	217	217	8.884870967741932	3.21	5.53	5.58
