dataset_name	node_count	traffic_ms	rx_bytes	rx_packets	rx_errors	rx_dropped	rx_overrun	rx_mcast	tx_bytes	tx_packets	tx_errors	tx_dropped	tx_carrier	tx_collsns	packets_send	packets_received	rtt_avg_ms	load1	load5	load15
bielefeld-0246	246	303008	389325854	2335078	0	1649	0	0	12087208	72704	0	10	0	0	246	246	9.977077235772358	0.39	2.3	4.41
cologne-bonn-area-0279	279	303512	259019333	1350175	0	1025	0	0	14686293	84660	0	7	0	0	279	279	9.253333333333325	0.15	1.54	3.72
leipzig-0210	210	302604	98243400	533723	0	0	0	0	13570459	76821	0	0	0	0	210	210	9.58379047619048	0.08	1.33	3.35
ulm-0217	217	302624	154393622	816946	0	537	0	0	10984793	63059	0	0	0	0	217	217	8.685188940092164	0.25	1.13	2.77
